gene,pval_1
NECAP2,0.358843944
CLIC4,0.030455456
DBT,0.292270083
C1orf21,0.000382696
COP1,0.020345337
PRUNE1,0.325788738
LIN9,0.017277068
ICMT,0.00023534
PRKCZ,0.000878242
PINK1,0.076601672
USP48,0.013117889
EPB41,0.10375161
PUM1,0.003736714
KHDRBS1,0.034583964
NUDC,0.002157928
STMN1,0.035143504
THRAP3,0.453327086
SFPQ,0.478870702
MACF1,0.075759115
PTPRF,0.24516272
RNF220,0.025228618
GPBP1L1,0.562748505
SCP2,0.014058835
FAF1,0.631547083
USP24,0.098692405
USP1,0.014102294
ITGB3BP,0.051591665
FGGY,0.005498327
PIGK,0.190459607
DDAH1,0.046688224
GCLM,0.146820517
GNAI3,0.005407824
RHOC,0.24730826
RAP1A,0.068343138
NOTCH2,0.107059163
WDR3,0.00047755
OTUD7B,0.013475943
NBPF9,0.050785816
TPM3,0.147414147
SMG5,0.025034784
GBAP1,0.029172718
SMG7,0.224428208
ACBD6,0.056556792
SOAT1,0.019519757
ZBTB41,0.924153994
NEK7,0.042006241
SRGAP2,0.475535399
EPRS,0.012827167
TSNAX-DISC1,0.070019877
NUP133,0.00157211
TRIM11,0.004999385
MTR,0.003029572
SMYD3,0.464350024
NADK,0.049619695
AURKAIP1,0.019221647
CDK11B,0.194844035
DFFB,0.018325626
ACOT7,0.005250309
CAMTA1,0.053368695
CTNNBIP1,0.001886134
UBE4B,0.077877707
KIF1B,0.191938978
CLSTN1,0.007905329
PEX14,0.114191277
EXOSC10,0.758542088
MTOR,0.082228068
MFN2,0.007892757
AGTRAP,0.018756373
NBPF1,0.042658897
CAPZB,0.00153885
TMCO4,0.003654073
EIF4G3,0.1687409
HP1BP3,0.076023485
CDC42,0.106478083
TCEA3,0.039787604
NIPAL3,0.009781676
MAN1C1,0.609889559
RPS6KA1,0.036174314
SH3BGRL3,0.557086298
WASF2,0.262444458
TMEM222,0.009808878
TAF12,0.268188515
RCC1,0.134185441
SNHG3,0.011004101
PTPRU,0.002004533
SRSF4,0.089977067
PTP4A2,0.550986445
HDAC1,0.02835065
SYNC,0.595956854
KPNA6,0.00233855
S100PBP,0.112504288
PHC2,0.01356817
ZMYM4,0.026730561
KIAA0319L,0.001796162
STK40,0.095493671
SNIP1,0.024343302
YRDC,0.002898058
INPP5B,0.189497053
RRAGC,0.020467764
RLF,0.142797577
SCMH1,0.013745872
FOXJ3,0.611157554
ERI3,0.002046494
IPO13,0.031264473
EIF2B3,0.002569272
KIF2C,0.02652657
PIK3R3,0.004917641
MKNK1,0.01760813
POMGNT1,0.039864102
CMPK1,0.004009164
NRDC,0.1052486
OSBPL9,0.429040092
EPS15,0.2379247
TTC39A,0.014148024
ZYG11B,0.023801949
ZCCHC11,0.074604981
ZFYVE9,0.157979735
CC2D1B,0.429890501
NDC1,0.071780823
HSPB11,0.078835771
MROH7-TTC4,0.024895948
SSBP3,0.530698371
OMA1,0.632306324
HOOK1,0.031254987
PATJ,0.103473748
ATG4C,0.686553359
DOCK7,0.036267123
PGM1,0.001260798
AK4,0.020587388
SERBP1,0.000704391
DEPDC1,0.075250844
WLS,0.554110885
GNG12,0.062367751
ANKRD13C,0.086395452
LRRC40,0.188574826
MIGA1,0.178175658
SAMD13,0.053046593
PRKACB,0.058286328
TTLL7,0.044054347
C1orf52,0.063062404
LPAR3,0.009432871
HS2ST1,0.062974853
LRRC8B,0.767749882
PKN2,0.1556159
LRRC8D,0.078048123
RPAP2,0.14565029
MTF2,0.434429735
CCDC18,0.058794533
FNBP1L,0.266216283
ABCD3,0.115168029
TMEM56-RWDD3,0.140899101
PTBP2,0.018184609
SNX7,0.499866373
MFSD14A,0.194363362
GPSM2,0.035601019
STXBP3,0.183061997
RBM15,0.112978626
DRAM2,0.0308479
ST7L,0.05639057
LRIG2,0.122296814
MAGI3,0.014986909
TRIM33,0.107622409
ATP1A1,0.003625589
MAN1A2,0.164308189
WARS2,0.577008715
NBPF10,0.84971648
SEC22B,0.030613574
RNF115,0.186645823
GPR89B,0.276030429
NBPF11,0.124328802
PPIAL4C,0.112607456
PPIAL4A,0.051864327
VPS45,0.715220693
ENSA,0.039539208
TARS2,0.035773517
TUFT1,0.011200044
SNX27,0.020576031
CHTOP,0.001052788
EFNA3,0.033817666
IL6R,0.402633547
LMNA,0.007684767
MSTO1,0.047858471
ASH1L,0.435738428
MSTO2P,0.04928855
PRCC,0.04186995
COPA,0.000271141
PFDN2,0.000138469
ATF6,0.051673834
NUF2,0.00165676
UCK2,0.019586724
MPC2,0.207794244
DCAF6,0.426122586
TIPRL,0.057603975
NME7,0.004374612
ATP1B1,0.000239572
BLZF1,0.001508836
KIFAP3,0.029619517
DARS2,0.168426879
CACYBP,0.003089219
FAM20B,0.000203161
TOR1AIP2,0.011460687
XPR1,0.028439623
LAMC1,0.002528836
DHX9,0.003038387
TSEN15,0.052327244
EDEM3,0.01264688
ODR4,0.175950862
GLRX2,0.074386561
CDC73,0.039975237
DENND1B,0.009337907
CAMSAP2,0.004223776
ELF3,0.002681068
CSRP1,0.005468987
ARL8A,0.040742652
IPO9,0.040216606
KDM5B,0.274277763
ZC3H11A,0.043120129
IRF6,0.085818987
INTS7,0.007120423
LPGAT1,0.255677556
PPP2R5A,0.035090681
RPS6KC1,0.47685662
CENPF,0.08997486
KCTD3,0.013162342
GPATCH2,0.022372106
RRP15,0.01398022
Mar-01,0.013543613
RAB3GAP2,0.012638719
MIA3,0.0902239
TP53BP2,0.078833407
DNAH14,0.049480884
SRP9,0.032898417
ENAH,0.08223426
ACBD3,0.033240268
COQ8A,0.023632737
CDC42BPA,0.022412936
ZNF678,0.393320351
SNAP47,0.048293631
GALNT2,0.001874086
URB2,0.000162368
COG2,0.010014733
EXOC8,0.0108284
TTC13,0.016550434
ARID4B,0.004380835
TOMM20,0.020598454
TBCE,0.078356582
B3GALNT2,0.022990441
EDARADD,0.002328141
LGALS8,0.084662714
HEATR1,0.006506233
SDCCAG8,0.020602487
DESI2,0.074459922
ADSS,0.012369795
AHCTF1,0.013791393
ZNF124,0.069677378
CNST,0.080559769
WASH7P,0.075269415
NOC2L,0.001442319
SAMD11,0.037366048
KLHL17,0.222566597
ISG15,0.029289252
HES4,0.000231239
AGRN,0.020108192
B3GALT6,0.391504072
SDF4,0.002905986
INTS11,0.038024912
UBE2J2,0.002414395
CPTP,0.015739549
MXRA8,0.004442234
PUSL1,0.011158258
DVL1,0.007426947
ACAP3,0.443973798
VWA1,0.002987241
MRPL20,0.007678968
CCNL2,0.014097184
ATAD3B,0.006538608
SSU72,0.011645716
ATAD3A,0.008731588
MIB2,0.090401606
FNDC10,0.02632489
SLC35E2,0.796222925
SLC35E2B,0.063700656
CDK11A,0.053873144
GNB1,0.013976726
TMEM52,0.003818396
FAAP20,0.181172397
PEX10,0.008722348
RER1,0.019715782
PANK4,0.007546411
FAM213B,0.036169504
ARHGEF16,0.040982936
WRAP73,0.031680726
TPRG1L,0.001449255
CEP104,0.025411521
LRRC47,0.030198686
C1orf174,0.520734169
RPL22,0.008695884
NOL9,0.006348544
KLHL21,0.048216339
ZBTB48,0.579302679
THAP3,0.058054579
DNAJC11,0.001131092
VAMP3,0.762874186
ERRFI1,0.112918683
PARK7,0.007001454
ENO1,0.000619144
ENO1-AS1,0.032372791
SLC25A33,0.049345488
PIK3CD,0.043332328
NMNAT1,0.10059567
LZIC,0.140052528
PGD,0.014228615
CENPS-CORT,0.009504786
DFFA,0.047638681
CENPS,0.003265677
SRM,0.057967182
TARDBP,0.195312004
MAD2L2,0.0110827
FBXO44,0.101824611
PLOD1,0.007425199
KIAA2013,0.00534473
MIIP,0.136588235
SNORA59B,0.06483234
SNORA59A,0.06483234
HNRNPCL3,0.049290301
HNRNPCL1,0.047354452
RSC1A1,0.010502767
DDI2,0.006697594
UQCRHL,0.015426291
SZRD1,0.02056153
ATP13A2,0.041995099
SDHB,0.083132368
RCC2,0.04087667
ALDH4A1,0.009346456
EMC1,0.006956923
MRTO4,0.002422392
AKR7A2,0.023447053
MINOS1,0.005397132
PLA2G2A,0.019254081
MUL1,0.072333743
CAMK2N1,0.011484618
DDOST,0.154395235
LINC00339,0.299314848
KDM1A,0.000350824
HNRNPR,0.014116881
ID3,0.021815643
PITHD1,0.011544285
ELOA,0.01396827
RPL11,0.008057878
ELOA-AS1,0.064457336
GALE,0.080978103
LYPLA2,0.044785192
FUCA1,0.011905035
HMGCL,0.025682875
SRSF10,0.028723404
PNRC2,0.162589559
RCAN3,0.014325391
SRRM1,0.145418023
SYF2,0.016014628
TMEM50A,0.010081339
RSRP1,0.03117203
MTFR1L,0.011578481
MIR3917,0.006487282
ZNF593,0.801086056
HMGN2,0.044357133
PIGV,0.002108322
GPN2,0.027509046
KDF1,0.006675149
SYTL1,0.211484745
IFI6,0.022106474
SCARNA1,0.020341143
PPP1R8,0.74948105
STX12,0.001795619
FAM76A,0.41890891
SMPDL3B,0.022907153
RPA2,0.001196114
DNAJC8,0.274625019
ATP5IF1,0.061581224
MED18,0.047983761
SESN2,0.031201207
SNORA61,0.112314365
SNORA44,0.530667209
SNORA16A,0.112712448
SNHG12,0.138563394
TRNAU1AP,0.013843466
RNU11,0.121245949
GMEB1,0.307359508
YTHDF2,0.010404551
MECR,0.010199058
SNRNP40,0.005134053
ZCCHC17,0.031949497
SERINC2,0.111785384
PEF1,0.006085549
TMEM234,0.129343388
IQCC,0.002280039
CCDC28B,0.027930627
EIF3I,0.07041295
TXLNA,0.024392954
BSDC1,0.014016461
MARCKSL1,0.004140697
RBBP4,0.397208554
ZBTB8OS,0.100376627
YARS,0.010999939
KIAA1522,0.204919862
TMEM54,0.067223001
AK2,0.267194655
SMIM12,0.282601408
ZMYM6,0.097877924
TMEM35B,0.014840649
ZMYM1,0.159067487
NCDN,0.030147169
PSMB2,0.05439429
CLSPN,0.007666349
C1orf216,0.038570584
AGO1,0.053097516
ADPRHL2,0.008481597
TRAPPC3,0.66860168
MAP7D1,0.001882157
LSM10,0.074901473
OSCP1,0.612888708
MRPS15,0.012210191
MEAF6,0.019696208
LINC01137,0.000142767
GNL2,0.001705114
CDCA8,0.08579195
MANEAL,0.011316875
C1orf109,0.029379265
C1orf122,0.005332934
UTP11,0.51495527
SF3A3,0.014760707
MYCBP,0.853445738
AKIRIN1,0.019800184
NDUFS5,0.008876503
PABPC4,0.071092898
PPIE,0.324959945
TRIT1,0.014113138
CAP1,0.043088958
PPT1,0.108012369
ZMPSTE24,0.780997672
SMAP2,0.020525206
NFYC,0.059374819
CTPS1,0.056234191
PPCS,0.695768352
PPIH,0.006331391
C1orf50,0.762470241
YBX1,0.002121532
P3H1,0.816877019
ZNF691,0.949449087
SVBP,0.005761685
SLC2A1,0.008623108
EBNA1BP2,0.004120316
TMEM125,0.140320532
ELOVL1,0.020335924
MED8,0.013578793
CDC20,0.043392668
KDM4A,0.088050369
B4GALT2,0.007553195
ATP6V0B,0.121515263
DPH2,0.020960351
CCDC24,0.068038074
DMAP1,0.253121764
RPS8,0.025703168
SNORD55,0.053509101
SNORD46,0.047613139
SNORD38A,0.434550234
HECTD3,0.032447231
UROD,0.124828019
MUTYH,0.036966511
TOE1,0.005415152
MMACHC,0.049861543
PRDX1,0.00505807
AKR1A1,0.023421253
NASP,0.001917372
IPP,0.096679828
TMEM69,0.232707238
TSPAN1,0.041656417
RAD54L,0.005925134
LRRC41,0.053832826
UQCRH,0.023981347
NSUN4,0.046454478
FAAH,0.03090089
ATPAF1,0.21917321
EFCAB14,0.061749138
PDZK1IP1,0.006899027
STIL,0.097999848
CDKN2C,0.246286024
RNF11,0.060977095
TXNDC12,0.064063831
BTF3L4,0.058765221
KTI12,0.014119446
PRPF38A,0.051743162
ORC1,0.002320037
COA7,0.018437929
ECHDC2,0.156479031
CPT2,0.00604197
MAGOH,0.218073684
C1orf123,0.041430859
YIPF1,0.008103099
LRRC42,0.380797361
TMEM59,0.00461946
MRPL37,0.008224209
TTC4,0.022897153
DHCR24,0.009939238
MYSM1,0.047997106
JUN,0.006072829
CYP2J2,0.008887594
TM2D1,0.049469426
ALG6,0.111300149
EFCAB7,0.187884831
LEPROT,0.286420307
MIER1,0.238382634
GADD45A,0.033959982
SRSF11,0.279523674
CTH,0.007638928
ZRANB2,0.00705937
FPGT,0.050668066
TYW3,0.001615768
CRYZ,0.00506331
SNORD45C,0.009588929
SNORD45A,0.007867705
SNORD45B,0.059790715
RABGGTB,0.053164486
ACADM,0.011250997
USP33,0.087216417
DNAJB4,0.006333754
FUBP1,4.70E-05
PTGFR,0.101619926
DNASE2B,0.052688004
CTBS,0.275355373
RPF1,0.021073092
GNG5,0.009525557
SSX2IP,0.012991028
BCL10,0.460010743
ODF2L,0.062450755
SELENOF,0.023708237
LMO4,0.002710327
GTF2B,0.012453802
KYAT3,0.011214693
RBMXL1,0.018793359
ZNF326,0.386091011
ZNF644,0.035141522
CDC7,0.028725817
GLMN,0.107414823
RPL5,0.047348967
TMED5,0.146777497
DR1,0.084415249
DNTTIP2,0.116359985
ARHGAP29,0.135916614
ALG14,0.012982113
RWDD3,0.025299494
FRRS1,0.000936938
AGL,0.083066453
SLC35A3,0.017281528
TRMT13,0.156155925
SASS6,0.275944367
RTCA,0.973915789
SLC30A7,0.067804069
DPH5,0.143872221
PRMT6,0.005155517
SLC25A24,0.083300407
HENMT1,0.003412647
PRPF38B,0.301164843
CLCC1,0.015678804
SCARNA2,0.010253199
TMEM167B,0.167035676
TAF13,0.679394696
SARS,0.018040526
PSRC1,0.006596147
PSMA5,0.006060629
AMPD2,0.028318046
GSTM3,0.001827325
AHCYL1,0.178108869
STRIP1,0.012894009
LAMTOR5,0.021337485
LRIF1,0.558675695
CEPT1,0.260451677
ATP5PB,0.005527538
WDR77,0.00736555
DDX20,0.281950692
CAPZA1,0.34837595
MOV10,0.003160118
SLC16A1,0.004842525
AP4B1,0.027002745
HIPK1,0.000842886
BCAS2,0.0023873
SIKE1,0.239139133
CSDE1,0.021977833
NRAS,0.093534796
ATP1A1-AS1,0.003557802
CD58,0.058264722
PTGFRN,0.00154087
TTF2,0.010880943
GDAP2,0.196099334
ZNF697,0.500130475
HMGCS2,0.001192462
PHGDH,0.00358862
HIST2H2BA,0.01229708
EMBP1,0.292608455
PPIAL4G,0.031911228
POLR3GL,0.070432586
TXNIP,0.00087286
PIAS3,0.934648399
GNRHR2,0.019463708
RBM8A,0.00127756
POLR3C,0.589027812
PEX11B,0.078528175
GPR89A,0.106766262
PDIA3P1,0.059366085
CHD1L,0.05252352
ACP6,0.045160119
MIR5087,0.025374205
NBPF14,0.300116775
PPIAL4F,0.013412997
PPIAL4D,0.013412997
NBPF15,0.188532098
PPIAL4E,0.070589403
HIST2H2BF,0.017035062
HIST2H3C,0.454329053
HIST2H2AA3,0.803658034
HIST2H3D,0.517626627
HIST2H4B,0.326373084
HIST2H4A,0.326373084
HIST2H2AA4,0.803658034
HIST2H3A,0.454329053
HIST2H2BC,0.566891316
HIST2H2AC,0.042503371
SF3B4,0.014771319
BOLA1,0.023887358
HIST2H2AB,0.114212461
HIST2H2BE,0.090399658
ANP32E,0.058884573
APH1A,0.007675765
MRPS21,0.436778224
PRPF3,0.130770172
MCL1,0.001291054
GOLPH3L,0.4454692
ARNT,0.037994801
SETDB1,0.137299719
CERS2,0.025576164
CDC42SE1,0.026749089
GABPB2,0.009414884
PSMD4,0.030563889
SCNM1,0.076364659
PIP5K1A,0.142148693
VPS72,0.001665367
RFX5,0.018382408
SELENBP1,0.008879301
PI4KB,0.00261779
PSMB4,0.16870066
CGN,0.004672048
TDRKH,0.001645004
OAZ3,0.052152283
MRPL9,0.120919645
THEM4,0.007160265
S100A11,0.016076203
S100A13,0.00857178
SNAPIN,0.010546816
ILF2,0.279477483
INTS3,0.023627045
CREB3L4,0.024443988
SLC39A1,0.042261635
RPS27,0.018256547
RAB13,0.032729805
JTB,0.158005641
HAX1,0.000614882
C1orf43,0.105140857
UBAP2L,0.067426729
UBE2Q1,0.067753619
ADAR,0.028944044
PMVK,0.00071849
CKS1B,0.011576435
SHC1,0.158990499
EFNA4,0.058547158
ADAM15,0.018507897
ZBTB7B,0.061365538
PYGO2,0.068023086
FLAD1,0.030800145
DPM3,0.701119166
SLC50A1,0.061499048
EFNA1,0.033951515
MTX1,0.0112435
KRTCAP2,0.537816671
RUSC1,0.03961557
FDPS,0.001044078
GBA,0.040588489
RUSC1-AS1,0.017809946
SCAMP3,0.031806825
CLK2,0.03138863
DAP3,0.010203808
YY1AP1,0.062353763
GON4L,0.563523132
ARHGEF2,0.285086738
KHDC4,0.004956957
RIT1,0.026853346
LAMTOR2,0.053818959
SSR2,0.015871025
RAB25,0.015496479
UBQLN4,0.042113736
PMF1-BGLAP,0.003735384
PMF1,0.027496282
SLC25A44,0.035077548
CCT3,0.00502588
GLMP,0.050466495
GPATCH4,0.00057669
NAXE,0.03855421
RRNAD1,0.129382366
HDGF,0.002081513
MRPL24,0.015477936
ARHGEF11,0.025050725
DUSP23,0.112388
TAGLN2,0.021127475
LINC01133,0.028495333
PIGM,0.048095389
IGSF8,0.031562282
PEA15,0.002885646
DCAF8,0.060184024
PEX19,0.044721517
NCSTN,0.589426044
KLHDC9,0.036302523
TSTD1,0.018551376
USF1,0.025643308
F11R,0.000625228
USP21,0.027371701
NIT1,0.266836412
DEDD,0.209259754
B4GALT3,0.066836416
UFC1,0.618645233
PPOX,0.182711941
TOMM40L,0.006044315
NDUFS2,0.027254929
SDHC,0.044980491
DUSP12,0.043251657
RPL31P11,0.038219601
UHMK1,0.276648349
UAP1,0.069419537
HSD17B7,0.156982444
MGST3,0.011233047
ALDH9A1,0.007224325
TMCO1,0.026021846
MIR3658,0.035927455
POGK,0.006302406
TADA1,0.156025185
CREG1,0.154093657
MPZL1,0.001428769
ANKRD36BP1,0.007067151
SFT2D2,0.002278216
SLC19A2,0.017503559
SCYL3,0.077233765
C1orf112,0.293134783
METTL18,0.306353569
PRRC2C,0.368742211
METTL13,0.002094849
PIGC,0.02596345
SUCO,0.21030581
PRDX6,0.002700994
CENPL,0.492098204
KLHL20,0.016930785
GAS5,0.000141816
ZBTB37,0.049455052
GAS5-AS1,0.007117726
MRPS14,0.214321703
TOR3A,0.005495521
TOR1AIP1,0.103655151
QSOX1,0.007394328
STX6,0.169180194
GLUL,0.022087003
ARPC5,0.238164223
RNF2,0.031394689
TRMT1L,0.195801119
IVNS1ABP,0.129459609
TPR,0.03900082
UCHL5,0.070211328
TROVE2,0.035970594
C1orf53,0.080035603
DDX59,0.694211104
TMEM9,0.053211512
PHLDA3,0.008649937
LAD1,0.017040839
RPS10P7,0.041679148
RNPEP,0.023538258
TIMM17A,0.026285587
SHISA4,0.013167393
UBE2T,0.009248221
KLHL12,0.013702171
ADIPOR1,0.018332132
TMEM183A,0.044467316
CYB5R1,0.008033613
BTG2,0.006220349
ZBED6,0.768966995
SNRPE,0.089452534
GOLT1A,0.024642543
PPP1R15B,0.019724568
MDM4,0.193186829
RBBP5,0.029132058
ELK4,0.026028769
SLC45A3,0.018679142
RAB29,0.00739208
NUCKS1,0.004045951
EIF2D,0.518438969
MAPKAPK2,0.008788637
C1orf116,0.001850808
YOD1,0.03151694
PFKFB2,0.016328811
CD46,0.594979181
C1orf74,0.049707848
RCOR3,0.473002697
LINC00467,0.030112113
SLC30A1,0.01888969
NEK2,0.051809798
DTL,0.001511047
TMEM206,0.140146622
NENF,0.061065266
ATF3,0.011021363
TATDN3,0.010175128
NSL1,0.007547186
FLVCR1,0.003591962
ANGEL2,0.061844618
SMYD2,0.151873757
LYPLAL1,0.574445684
IARS2,0.021375387
BPNT1,0.018525651
C1orf115,0.005224789
Mar-02,0.035413263
AIDA,0.049275772
BROX,0.077423446
CAPN2,0.349083819
FBXO28,0.033883015
DEGS1,0.005825668
NVL,0.026865997
CNIH4,0.019076221
WDR26,0.210424528
LBR,0.005999862
EPHX1,0.021483572
SDE2,0.00508868
PYCR2,0.015805012
H3F3A,0.052970614
PARP1,0.000121877
PSEN2,0.008352324
JMJD4,0.00364686
C1orf35,0.008112588
MRPL55,0.006793442
ARF1,0.004765065
GUK1,0.009929007
HIST3H2A,0.012094696
HIST3H2BB,0.342096681
RNF187,0.014102688
RHOU,0.002014753
CCSAP,0.326190799
RAB4A,0.003019491
SPHAR,0.019579486
ABCB10,0.002163336
TAF5L,0.01963656
C1orf198,0.001893877
ARV1,0.163345092
GNPAT,0.305152789
C1orf131,0.024932957
SPRTN,0.155733175
EGLN1,0.002942581
TSNAX,0.096736446
NTPCR,0.010706065
COA6,0.031124142
TARBP1,0.102808491
IRF2BP2,0.146458387
RBM34,0.023343701
SNORA14B,0.032423342
GGPS1,0.021263617
FH,0.000147128
CHML,0.004191031
EXO1,0.004572919
COX20,0.085297992
HNRNPU,0.001786409
TFB2M,0.151416675
SCCPDH,0.04262228
ZNF695,0.062076916
ZNF669,0.003592316
ZNF692,0.053837306
ZNF672,0.011665889
SH3BP5L,0.016386394
TMEFF2,5.23E-05
PKP4,0.0003289
HPCAL1,0.042169376
ASAP2,0.051443829
LDAH,0.14733719
TMEM214,0.020791763
YIPF4,0.00473967
BABAM2,0.015808247
HNRNPLL,0.055405183
ACYP2,0.006114769
EHBP1,0.027502622
NAGK,0.029484456
ANKRD39,0.228889067
TGFBRAP1,0.020527507
MIR4435-2HG,0.000135218
TTL,0.003276997
COBLL1,0.517979153
TLK1,0.08221931
OLA1,0.181959466
STK39,0.004181598
UBR3,0.006595723
PRKRA,0.098789567
AGPS,0.096971303
XRCC5,0.002633199
CUL3,0.030654435
PNKD,0.177341552
TMBIM1,0.009797044
TRIP12,0.016007572
ITM2C,0.037241247
SH3BP4,0.002195906
HDLBP,0.001901166
EIPR1,0.024012686
KIDINS220,0.001702317
MBOAT2,0.083411512
CPSF3,0.009447086
ATP6V1C2,0.032457926
ROCK2,0.008251722
NOL10,0.050569303
LPIN1,0.001573073
NBAS,0.02805653
NT5C1B-RDH14,0.003493433
HS1BP3,0.011747789
CENPO,0.018513539
NCOA1,0.116344968
ITSN2,0.314091735
DTNB,0.033030134
RAB10,0.088363226
HADHB,0.016755729
SELENOI,0.004067237
SLC35F6,0.007101991
NRBP1,0.01360001
LCLAT1,0.020655212
SPAST,0.105867017
MEMO1,0.109280118
TTC27,2.97E-05
BIRC6,0.036718807
FAM98A,0.002106363
PRKD3,0.036034842
EIF2AK2,0.025878274
HEATR5B,0.085915093
ATL2,0.110737358
MAP4K3,0.041976318
DHX57,0.026217262
MTA3,0.055906605
EML4,0.001739462
THADA,0.000610881
PREPL,0.003750082
LRPPRC,0.006578162
PPM1B,0.00031098
SRBD1,0.008716866
RHOQ,0.087514701
FBXO11,0.114487778
ASB3,0.137006924
PSME4,0.034294797
GPR75-ASB3,0.083901824
CHAC2,0.000159826
PPP4R3B,0.002759383
VRK2,0.08077713
FANCL,0.04404051
XPO1,0.012304938
USP34,0.065515827
COMMD1,0.017819777
MDH1,0.707293489
VPS54,0.017816869
UGP2,0.012937384
ETAA1,0.050789302
C1D,0.030556448
PPP3R1,0.231324772
SNRNP27,0.121386722
GFPT1,0.009408548
ANXA4,0.006803575
SNRPG,0.001062514
ZNF638,0.019304403
EXOC6B,0.020046351
HK2,0.00253445
GCFC2,0.057770825
SUCLG1,0.024855674
USP39,0.047567016
IMMT,0.018764784
CHMP3,0.002059834
RNF103-CHMP3,0.002096461
CYTOR,0.012779856
EIF2AK3,0.192871221
KRCC1,0.232009794
THNSL2,0.028786224
RPIA,0.012195064
PROM2,0.171202284
FAHD2A,0.005420093
LMAN2L,0.000368342
STARD7,0.001754879
COA5,0.037919917
EIF5B,0.023358042
PDCL3,0.003449855
MAP4K4,0.011428646
SLC9A2,0.00826689
CCDC138,0.440286344
LIMS1,0.127951868
Sep-10,0.263240533
BUB1,0.0253943
ZC3H8,0.009588915
ANAPC1,0.023062103
TMEM87B,0.034626428
CKAP2L,0.099885731
ACTR3,0.003200247
C2orf76,0.033596329
TMEM185B,0.020318112
EPB41L5,0.064306237
NIFK-AS1,0.034303593
CLASP1,0.011009176
MAP3K2,0.621364061
MZT2B,0.026974121
POTEE,0.000425609
ANKRD30BL,0.020758645
MGAT5,0.008504951
RAB3GAP1,7.41E-05
ZRANB3,0.046141339
DARS,0.008200639
SPOPL,0.012819789
ORC4,0.054300886
EPC2,0.068462641
RIF1,0.009265789
ARL6IP6,0.748735458
GPD2,0.002975414
TANC1,0.02123643
TANK,0.062150911
PSMD14,0.016220922
DPP4,0.027851554
SPC25,0.008754997
CERS6,0.002110693
FASTKD1,0.934683287
SSB,0.008514791
METTL8,0.032250203
ATF2,0.027869688
LNPK,0.110410423
NFE2L2,0.10240953
UBE2E3,0.008159168
NCKAP1,0.049735093
NUP35,0.013272025
DNAJC10,0.012942668
TFPI,0.140642796
GULP1,0.032520659
PMS1,0.211486276
WDR75,0.021792654
MFSD6,0.03582394
GLS,0.012837676
HIBCH,0.023016649
NABP1,0.059328442
GTF3C3,0.213570169
CASP8,0.021532436
CLK1,0.009779332
TRAK2,0.162537466
CFLAR,0.099456715
TMEM237,0.590716874
NOP58,0.002659209
CREB1,0.254261802
PIKFYVE,0.064210969
KANSL1L,0.438814192
CPS1,0.001904138
BARD1,0.108150983
FN1,0.043042114
PECR,0.125349737
SMARCAL1,0.024655247
STK36,0.00674059
USP37,0.005770599
FARSB,0.042076902
ACSL3,0.004284192
WDFY1,0.012503074
AP1S3,0.931587444
MFF,0.282405247
SP100,0.111031101
CAB39,0.008094418
COPS7B,0.647822043
PSMD1,0.00358151
GIGYF2,0.0010362
DIS3L2,0.054898244
HJURP,0.173962911
UBE2F,0.013248934
LRRFIP1,0.035036324
MLPH,0.000422326
UBE2F-SCLY,0.001661949
RAMP1,0.06271876
NDUFA10,0.01736358
KIF1A,0.010359427
PPP1R7,0.002604665
FARP2,0.027511164
ACP1,0.09574407
TMEM18,0.007910445
ADI1,0.055391261
RPS7,0.008205527
RNASEH1-AS1,0.152211005
RNASEH1,0.002332321
ID2,0.010646615
ITGB1BP1,0.008364904
ADAM17,0.671177185
IAH1,0.03831761
YWHAQ,0.18030672
TAF1B,0.067428889
RRM2,0.016849512
ODC1,0.008558393
SNORA80B,0.031816806
PDIA6,0.000853015
PQLC3,0.066099247
E2F6,0.117326603
DDX1,0.002494957
SMC6,0.138703748
RDH14,0.007889925
TTC32,0.09602359
LAPTM4A,0.086771219
SDC1,0.000469078
PUM2,0.065297688
RHOB,0.006979596
UBXN2A,0.564001364
SF3B6,0.823167369
PTRHD1,0.10498475
ADCY3,0.00247354
HADHA,0.014933515
CENPA,0.003987265
PREB,0.013463095
AGBL5,0.162477013
OST4,0.642788372
KHK,0.017680191
CGREF1,0.008331178
ATRAID,0.143699606
SLC5A6,0.032645953
CAD,0.019714837
PPM1G,0.000241392
MPV17,0.011819421
EIF2B4,0.010650626
GTF3C2,0.047922603
SNX17,0.004115801
GTF3C2-AS1,0.012192648
KRTCAP3,0.541916382
IFT172,0.010864208
SLC4A1AP,0.001359162
GPN1,0.532494179
ZNF512,0.199168073
SUPT7L,0.848667001
MRPL33,0.00283453
PPP1CB,0.013733134
TRMT61B,0.086077712
WDR43,0.02279648
YPEL5,0.050656952
CAPN13,0.048049419
DPY30,0.001369959
SLC30A6,0.021230155
FEZ2,0.025087966
GPATCH11,0.226536044
CEBPZ,0.032149106
NDUFAF7,0.063536069
SRSF7,0.020295559
GEMIN6,0.219470703
MORN2,0.700235712
COX7A2L,0.105271876
DYNC2LI1,0.1344271
PIGF,0.047236713
CRIPT,0.045895532
MCFD2,0.104913524
CALM2,0.038692874
EPCAM,0.018343368
MSH6,0.003679295
FOXN2,0.06109059
PPP1R21,0.031173209
ERLEC1,0.525152962
RTN4,0.065246866
MTIF2,0.032892599
RPS27A,0.001279063
MIR4426,0.052466748
CFAP36,0.060050473
PNPT1,0.005275083
PEX13,0.044428523
CCT4,0.000273253
B3GNT2,0.000437878
LGALSL,0.00762015
AFTPH,0.029471922
RAB1A,0.025007655
ACTR2,0.005501612
PNO1,0.01107373
NFU1,0.057043465
GMCL1,0.010814598
PCBP1,0.006940197
PCYOX1,0.008244762
TIA1,0.049655345
FAM136A,0.001716491
TEX261,0.011273787
MPHOSPH10,0.045011851
MCEE,0.13163184
SPR,0.000896187
CCT7,0.004172754
SMYD5,0.008258939
PRADC1,0.005676729
TPRKB,0.037763166
DUSP11,0.041820846
STAMBP,0.243190817
DGUOK,0.098336498
MTHFD2,0.029739622
MOB1A,0.02274063
BOLA3,0.08662565
DCTN1,0.002331235
MOGS,0.029753864
RTKN,0.004024954
WBP1,0.025347262
WDR54,0.002271414
INO80B,0.007218377
INO80B-WBP1,0.019335302
MRPL53,0.141270136
HTRA2,0.042873206
AUP1,0.033757519
PCGF1,0.052424448
POLE4,0.120285952
MRPL19,0.022262609
TMSB10,0.019071117
KCMF1,0.000366951
TGOLN2,0.012511249
RETSAT,0.001973801
MAT2A,0.015851176
GGCX,0.139215113
VAMP8,0.786309783
RNF181,0.389275607
PTCD3,0.085999225
POLR1A,0.000450407
SNORD94,0.052470838
MRPL35,0.261053097
KDM3A,0.078905966
RNF103,0.166252961
RMND5A,0.000951263
ANAPC1P1,0.000599556
MRPS5,0.018390079
DUSP2,0.009772691
TMEM127,0.039321343
CIAO1,0.008456655
SNRNP200,0.031137868
NCAPH,0.002339101
KANSL3,0.022235934
FAHD2B,0.000860493
COX5B,0.00436131
ACTR1B,0.003788487
UNC50,0.05521661
MITD1,0.254514763
MRPL30,0.034412313
TXNDC9,0.135372695
REV1,0.005847903
CHST10,0.003693985
RPL31,0.001716979
RNF149,0.002404082
CNOT11,0.000321108
MRPS9,0.001437653
C2orf49,0.082420832
UXS1,0.008447932
GCC2,0.010987154
RANBP2,0.009023566
LINC01123,0.000114461
SMIM37,0.033875601
POLR1B,0.000253242
CHCHD5,0.070734734
SLC20A1,0.003634598
PSD4,0.003648249
CBWD2,0.02112847
WASH2P,0.055334262
RPL23AP7,0.524873822
SLC35F5,0.055817576
DDX18,0.010190082
INSIG2,0.000758635
STEAP3,0.009798368
DBI,0.197718425
TMEM177,0.026716257
RALB,0.004971425
RNU4ATAC,0.124564723
NIFK,0.015565546
TSN,0.007387567
BIN1,0.00083205
ERCC3,0.003472971
IWS1,0.000713473
WDR33,0.013923337
POLR2D,0.051274548
AMMECR1L,0.012964567
UGGT1,0.001855813
HS6ST1,0.013533007
RAB6C,0.076876243
SMPD4,0.037021783
PTPN18,0.020177245
IMP4,0.000713462
CCDC115,0.027552079
FAM168B,0.000982609
PLEKHB2,0.003679428
NOC2LP2,0.008948676
MZT2A,0.023550724
MIR663B,0.065743734
CCNT2,0.040632156
UBXN4,0.052316666
MCM6,0.017187096
MMADHC,0.008534428
ARL5A,0.144192934
STAM2,0.02863063
PRPF40A,0.002833483
Mar-07,0.165430111
GCA,0.970823905
GALNT3,0.015949936
TTC21B,0.268071528
NOSTRIN,0.735247936
CERS6-AS1,0.003687211
BBS5,0.093900824
PPIG,0.006394775
KLHL23,0.02450804
PHOSPHO2,0.340993743
METTL5,0.144029943
GORASP2,0.124272356
DYNC1I2,0.018037566
SLC25A12,0.027327785
HAT1,0.063042491
ITGA6,0.019397808
PDK1,0.035095872
CDCA7,0.000655361
SP3,0.033126143
SCRN3,0.095390278
ATP5MC3,0.148136225
MTX2,0.03930583
MIR4444-1,0.06315113
HNRNPA3,0.021029814
TTC30A,0.011508929
RBM45,0.026569201
PLEKHA3,0.029285504
CWC22,0.158916724
SSFA2,0.053807771
ZC3H15,0.21458096
ITGAV,0.087556762
ASNSD1,0.170799356
OSGEPL1,0.043278036
ORMDL1,0.012717184
STAT1,0.001910059
SLC39A10,0.010006222
SF3B1,0.139570177
HSPD1,0.001503099
HSPE1,0.002177695
MOB4,0.090282431
HSPE1-MOB4,0.058319685
COQ10B,0.09756962
MARS2,0.012056551
C2orf69,0.088824678
MAIP1,0.007746732
SGO2,0.066067745
KCTD18,0.369040949
BZW1,0.001583966
ORC2,0.048215873
PPIL3,0.003149067
NIF3L1,0.388630144
NDUFB3,0.0392411
STRADB,0.375344445
SUMO1,0.071980565
WDR12,0.020884461
NDUFS1,0.001436137
EEF1B2,0.019610055
FASTKD2,0.022616803
METTL21A,0.02523837
IDH1-AS1,0.102747524
IDH1,0.015806471
RPE,0.00579233
LANCL1,0.036486352
ATIC,0.377774102
MREG,0.20014099
RPL37A,0.0184278
IGFBP2,0.002739058
AAMP,0.001346935
ARPC2,0.015512936
CTDSP1,0.045872681
BCS1L,0.002366333
CNOT9,0.011670307
RNF25,0.100210478
CNPPD1,0.029929944
NHEJ1,0.16671921
RETREG2,0.008251944
ANKZF1,0.085482176
ATG9A,0.009586944
TUBA4B,0.000730157
TUBA4A,0.001916036
DNAJB2,0.000509537
ABCB6,0.000596403
STK16,0.067329423
ZFAND2B,0.000798493
DNPEP,0.020773209
CHPF,0.010285974
GMPPA,0.010407666
MRPL44,0.000652191
NCL,0.015311336
PTMA,0.135470507
PDE6D,0.110672417
MIR1244-2,0.079506052
MIR1244-1,0.079506052
MIR1244-3,0.079506052
TIGD1,0.098111608
EIF4E2,0.075133744
ATG16L1,0.002194367
SCARNA6,0.009875808
SCARNA5,0.036823121
USP40,0.153994275
MSL3P1,0.11338073
ACKR3,0.107315634
COPS8,0.045962992
RAB17,0.001472229
SCLY,0.005072577
HES6,0.129583773
ILKAP,0.324998523
COPS9,0.030152438
RNPEPL1,0.009797689
PASK,0.017626451
MTERF4,0.000328364
Sep-02,0.010336895
STK25,0.010472083
THAP4,0.010359713
ATG4B,0.001584052
BOK,0.734054299
DTYMK,0.007313365
D2HGDH,0.004208031
ING5,0.006867374
CEP63,0.118734753
HYAL3,0.020236451
CLASP2,0.19354848
GOLIM4,0.126263747
VPS8,0.025171571
EDEM1,0.370290486
ATG7,0.071596636
ANKRD28,0.005030961
THUMPD3-AS1,0.018168282
CMC1,0.062290704
DENND6A,0.043931081
CCDC66,0.11276053
GBE1,0.002638056
CMSS1,0.540817798
EEFSEC,0.053418413
COPG1,0.009612721
PIK3CB,0.095342285
STAG1,0.05599601
MBNL1,0.045746563
FNDC3B,0.022238385
NAALADL2,0.057983416
MRPL47,0.038911387
YEATS2,0.030086792
UBXN7,0.272366115
ACAP2,0.065676231
SUMF1,0.005754371
MTMR14,0.038766759
SEC13,0.014288109
IL17RC,0.026364856
TADA3,0.001265004
FANCD2,0.118228317
VGLL4,0.040953343
NUP210,0.032085542
CHCHD4,0.018442328
METTL6,0.037131024
TBC1D5,0.00458943
UBE2E1,0.033843393
UBE2E2,0.368085189
NGLY1,0.020059853
TOP2B,0.001180565
SLC4A7,0.00212534
STT3B,0.006615381
CNOT10,0.007689557
CRTAP,0.455134776
GOLGA4,0.005706695
CTDSPL,0.016791898
OXSR1,0.006758816
RPSA,0.055076099
SNORA62,0.025841309
MYRIP,0.014821372
RPL14,0.364863063
SEC22C,0.05468689
SNRK,0.034224055
ANO10,0.012179079
POMGNT2,0.005533314
ZDHHC3,0.000250668
TCAIM,0.081031785
FYCO1,0.008239723
LARS2,0.000198103
SACM1L,0.042730349
SMARCC1,0.031983121
MAP4,0.012999191
USP19,0.034880071
ARIH2,0.020541983
ATRIP,0.001423784
IP6K1,0.014681013
RBM6,0.022700003
DAG1,0.010916304
RHOA,0.043836932
POC1A,0.045314767
DCAF1,0.005741236
WDR82,0.000755069
SFMBT1,0.00941317
PRKCD,0.008020226
NT5DC2,0.011980942
PBRM1,0.514124383
CHDH,0.004532102
APPL1,0.06968182
SLMAP,0.261211952
FLNB,0.003862422
THOC7,0.037163982
LRIG1,0.021013661
SLC25A26,0.045388052
SUCLG2,0.030414533
TMF1,0.193946508
SHQ1,0.042033255
RYBP,0.950424917
CHMP2B,0.300431943
EPHA3,0.000158678
EPHA6,0.008436134
CPOX,0.397340803
TBC1D23,0.888655696
SENP7,0.098157033
CEP97,0.449308937
ALCAM,0.158389777
BBX,0.015155477
NEPRO,0.067203443
ATP6V1A,0.005893251
RABL3,0.198637154
LRRC58,0.094003589
GSK3B,0.986080094
STXBP5L,0.593337392
IQCB1,0.095099493
POLQ,0.027232334
DIRC2,0.045584926
KPNA1,0.87723228
DTX3L,0.04733153
MYLK,0.008295119
SEC22A,0.053767571
PDIA5,0.00042534
MYLK-AS1,0.084185832
ITGB5,0.00401812
SLC12A8,0.082574415
OSBPL11,0.159607181
ZNF148,0.117667996
SNX4,0.158920303
CHCHD6,0.020638937
TXNRD3,0.018927508
KIAA1257,0.069890766
RAB7A,0.378449056
ISY1-RAB43,0.015627164
IFT122,0.001957231
RPL32P3,0.033692245
ATP2C1,0.046660794
PIK3R4,0.039875247
MRPL3,0.039538479
UBA5,0.014963278
DNAJC13,0.006726458
CDV3,0.01007649
RYK,0.333173742
DBR1,0.006672759
CEP70,0.048752811
MRPS22,0.118654159
ATR,0.07243879
XRN1,0.049452507
U2SURP,0.325567743
HLTF,0.035743871
RNF13,0.071621683
PFN2,0.01398266
SELENOT,0.0029543
SIAH2,0.001782642
ARHGEF26,0.032291786
ARHGEF26-AS1,0.051234762
DHX36,0.464778961
RSRC1,0.214559674
IFT80,0.001692997
NMD3,0.007852865
PRKCI,0.045081042
TMEM212,0.071225407
PLD1,0.016781298
ECT2,0.059241261
TBL1XR1,0.691505881
ZNF639,0.886635365
USP13,0.016834139
KLHL24,0.017096714
ATP11B,0.041418514
PSMD2,0.000988941
AP2M1,0.009537971
SENP2,0.009571291
RFC4,0.513608602
LPP,0.191102027
CCDC50,0.122647304
OPA1,0.064190117
LSG1,0.028257472
XXYLT1,0.021863907
SDHAP1,0.058445721
DLG1,0.528018131
RNF168,0.000738909
SENP5,0.465146848
PAK2,0.554152846
BDH1,0.006380989
IQCG,0.01335788
LRCH3,0.217976774
TRNT1,0.00557117
CRBN,0.035977493
SETMAR,0.000338089
ARL8B,0.007634533
RAD18,0.00573487
THUMPD3,0.042098903
SETD5,0.821180456
CAMK1,0.132528783
OGG1,0.013395969
ARPC4,0.016987271
RPUSD3,0.029269245
ARPC4-TTLL3,0.048490281
JAGN1,0.000656955
CRELD1,0.113474601
EMC3,0.007010633
VHL,0.050065285
BRK1,0.227810475
TATDN2,0.006907703
TAMM41,0.120383597
TSEN2,0.013120229
RAF1,0.010019214
MKRN2,0.007109567
RPL32,0.000209234
SNORA7A,0.020866562
LSM3,0.008710162
XPC,0.006670629
TMEM43,0.001731449
FGD5-AS1,0.113230152
RBSN,0.0201172
MRPS25,0.007179845
CAPN7,0.016113178
EAF1,0.010177496
BTD,0.002538039
HACL1,0.004695923
DPH3,0.009853097
RAB5A,0.050912888
SGO1,0.131807896
NKIRAS1,0.002694776
RPL15,0.048456501
NR1D2,0.12656542
OXSM,0.012509359
AZI2,0.991357285
GPD1L,0.001168549
DYNC1LI1,0.015779691
CMTM6,0.01536188
GLB1,0.104647363
UBP1,0.028857956
PDCD6IP,0.058067882
EPM2AIP1,0.008407979
MLH1,0.001792412
LRRFIP2,0.027372113
MYD88,0.023281901
ACAA1,0.010072387
WDR48,0.04638285
GORASP1,0.056300385
SNORA6,0.177382507
SLC25A38,0.002101952
EIF1B,0.244641819
CTNNB1,0.000976974
SS18L2,0.077662959
NKTR,0.221196604
HIGD1A,0.110462037
ABHD5,0.108459372
KIAA1143,0.055424956
TMEM42,0.258729428
EXOSC7,0.000557434
CDCP1,0.013675976
LIMD1,0.00235258
CCDC12,0.010232454
KLHL18,0.024378591
SCAP,0.040560729
ELP6,0.000519419
CSPG5,0.015868958
DHX30,0.020524889
CDC25A,0.005162655
NME6,0.199219323
TMA7,0.714935803
CCDC51,0.00127581
SHISA5,0.013192796
TREX1,0.044071733
SLC26A6,0.752639654
IP6K2,0.002669831
UQCRC1,0.006606462
NCKIPSD,0.002309616
PRKAR2A,0.019334186
SLC25A20,0.042972367
NDUFAF3,0.017759418
QRICH1,0.004932257
DALRD3,0.010282845
QARS,0.005617747
IMPDH2,0.106457129
P4HTM,0.035325176
WDR6,0.014137734
CCDC71,0.048761983
LAMB2,0.013457025
GPX1,0.014916778
USP4,0.948507074
TCTA,0.05409534
GMPPB,0.006303412
RNF123,0.076559102
APEH,0.000820493
TRAIP,0.054790244
RBM5,0.052567349
GNAI2,0.000244546
IFRD2,0.038930419
LSMEM2,0.001629179
RASSF1,0.013087747
TMEM115,0.007391854
CYB561D2,0.020996213
HYAL2,0.000765668
NPRL2,0.121628635
TUSC2,0.02373049
MAPKAPK3,0.008408821
C3orf18,0.023507001
RBM15B,0.007983411
MANF,0.166938068
TEX264,0.004555146
ABHD14B,0.010719605
ACY1,0.048333599
RPL29,0.06724252
PCBP4,0.027796684
ABHD14A,0.051632876
RRP9,0.025888556
PARP3,0.057731562
TWF2,0.031578818
ALAS1,0.000437874
BAP1,0.006519323
NISCH,0.058201938
SMIM4,0.196070024
SNORD19B,0.025679828
GLT8D1,0.169202036
GNL3,0.002914242
NEK4,0.000730837
SPCS1,0.12923596
RFT1,0.00073749
TKT,0.007278102
ACTR8,0.023065796
IL17RB,0.860617448
SELENOK,0.011203182
FAM208A,0.176838406
PDE12,0.005719072
ARF4,0.050384635
HTD2,0.05403863
RPP14,0.053557152
ABHD6,0.048645038
PDHB,0.09311029
ACOX2,0.000419798
KCTD6,0.108680909
PSMD6,0.013406591
ARL6IP5,0.0291285
UBA3,0.362132112
PPP4R2,0.012462321
ZNF717,0.403150053
CGGBP1,0.815592383
C3orf38,0.478857538
NSUN3,0.274734086
STX19,0.17750776
ARL6,0.015162135
RIOX2,0.005118529
CLDND1,0.080038653
TOMM70,0.115916502
NIT2,0.095563792
TFG,0.040697829
TRMT10C,0.058769426
PCNP,0.069433359
ZBTB11,0.021054492
RPL24,0.026894939
PDCL3P4,0.029203621
CD47,0.083866987
IFT57,0.026399886
CIP2A,0.021309759
ABHD10,0.008810082
SLC35A5,0.016734686
ATG3,0.60489043
GTPBP8,0.083088624
NAA50,0.001319565
ZDHHC23,0.000802086
QTRT2,0.002353541
B4GALT4,0.044329597
POGLUT1,0.038847769
TIMMDC1,0.829839329
TMEM39A,0.031849498
COX17,0.027129863
NDUFB4,0.018978884
HGD,0.015563282
GTF2E1,0.058362923
GOLGB1,0.033023435
EAF2,0.047449972
WDR5B,0.333976516
FAM162A,0.034756686
CSTA,0.033398163
CCDC58,0.049827453
PARP9,0.000247774
HACD2,0.124760073
CCDC14,0.031570181
UMPS,0.000270207
SLC41A3,0.028182336
ZXDC,0.176568344
TPRA1,0.05367186
MCM2,0.001422934
PODXL2,0.008963442
SEC61A1,0.040893902
RUVBL1,0.00133852
GATA2,0.009968697
RPN1,0.018355876
ACAD9,0.008207478
RAB43,0.053060367
CNBP,0.063244539
ISY1,0.00033854
HMCES,0.010965684
H1FX,0.046888232
MBD4,0.09503481
SNORA7B,0.019541509
ASTE1,0.056159788
NUDT16,0.01357593
NUDT16P1,0.085889181
ACPP,0.042265659
ACAD11,0.126091244
TOPBP1,0.315852069
SRPRB,0.009310729
ANAPC13,0.749168989
PCCB,0.022113539
NCK1,0.022905677
ARMC8,0.200192266
FAIM,0.050512424
COPB2,0.004780754
SLC25A36,0.058309164
RNF7,0.005231337
ATP1B3,0.12946052
GK5,0.940453021
C3orf58,0.524754521
GYG1,0.052879775
HLTF-AS1,0.06492142
HPS3,0.448571733
TM4SF1,0.012029285
COMMD2,0.022681201
EIF2A,0.062555367
SERP1,0.161967979
RAP2B,0.011424824
MME,0.034676412
SLC33A1,0.01710366
C3orf33,0.20016379
GMPS,0.148241777
SSR3,0.012904161
CCNL1,0.046689712
MLF1,0.068842667
GFM1,0.032917165
MFSD1,0.049514715
TRIM59,0.011057981
SMC4,0.089586304
KPNA4,0.033955274
SCARNA7,0.026176937
PDCD10,0.029576194
MYNN,0.009517922
SEC62,0.031369417
GPR160,0.01162265
SKIL,0.061061733
RPL22L1,0.010095278
GNB4,0.027910787
MFN1,0.232210663
ACTL6A,0.04673266
NDUFB5,0.030855645
TTC14,0.079376545
DNAJC19,0.007299963
FXR1,0.02176198
DCUN1D1,0.10877973
MCCC1,0.017324838
PARL,0.097375949
ABCC5,0.002383124
EIF2B5,5.42E-05
DVL3,0.655834242
ALG3,0.04969152
ABCF3,0.016970713
EIF4G1,0.00032225
FAM131A,0.017725285
CLCN2,0.029410034
POLR2H,0.010294954
MAGEF1,0.000190286
MAP3K13,0.028799552
TMEM41A,0.011973305
TRA2B,0.006460565
TBCCD1,0.033066307
DNAJB11,0.07258882
SNORA81,0.008419945
EIF4A2,0.541253922
SNORD2,0.012607517
SNORA63,0.07989718
SNORA4,0.00763715
MIR1248,0.012427637
RPL39L,0.010907123
OPA1-AS1,0.219266599
ATP13A3,0.445613504
TMEM44-AS1,0.010400119
PPP1R2,0.250981734
MUC20-OT1,0.083836895
TFRC,0.001418258
TCTEX1D2,0.253688205
PCYT1A,0.050547178
FBXO45,0.006876914
WDR53,0.284370216
PIGX,0.003165304
NCBP2,0.004230668
FYTTD1,0.065762079
RPL35A,0.129168979
TMEM33,0.007025137
LIN54,0.16997449
HTT,0.005115854
NCAPG,0.069694693
PDS5A,0.01561389
USP46,0.012559234
YTHDC1,0.002482877
SHROOM3,0.00030768
PDLIM5,0.00748515
SLC9B1,0.000421366
CISD2,0.051348664
C4orf33,0.134617863
TBC1D9,0.010305174
ARHGAP10,0.573593844
SH3D19,0.030257937
NEIL3,0.076360343
PRIMPOL,0.300892203
PIGG,0.000853808
GAK,0.036506949
ZNF718,0.860519206
LETM1,0.005565978
MAEA,0.003173596
NSD2,0.020359056
SLBP,0.014089101
SPON2,0.031410122
ADD1,0.006081452
RNF4,0.000860289
TNIP2,0.028414255
STX18,0.028977325
TBC1D14,0.02974067
KIAA0232,0.019458608
WDR1,0.000777018
HS3ST1,0.003479758
TAPT1-AS1,0.104604741
PACRGL,0.15084249
ADGRA3,0.001403809
SEL1L3,0.000625253
RBPJ,0.047843994
RELL1,0.020133621
TBC1D1,0.000556299
SMIM14,0.022535701
UBE2K,0.013935189
RFC1,0.003181252
FAM114A1,0.034918023
WDR19,0.047966199
RBM47,0.084558451
LIMCH1,0.002553588
SLC30A9,0.042760739
GUF1,0.024164489
COX7B2,0.620256608
SLAIN2,0.007126999
FRYL,0.212143083
OCIAD2,0.000339378
FIP1L1,0.004083623
SCFD2,0.004530757
CHIC2,0.381324389
SRD5A3,0.002386101
NMU,0.066427134
PPAT,0.024792134
EXOC1,0.163591913
UBA6,0.039668042
GRSF1,0.003779387
COX18,0.189501339
ANKRD17,0.029810221
RCHY1,0.269558672
FAM47E-STBD1,0.019375307
USO1,0.006888838
CCNI,0.046296672
ENOPH1,0.002808375
SEC31A,0.08293158
PTPN13,0.012443761
FAM13A,0.339005236
HERC3,0.00115253
SMARCAD1,0.077456762
RAP1GDS1,0.112338357
ADH5,0.090792646
PPP3CA,0.004255325
MANBA,0.099165224
CENPE,0.032208533
PPA2,0.039781815
GSTCD,0.187317811
TBCK,0.046361686
HADH,0.284088503
OSTC,0.011137621
SEC24B,0.908009005
ELOVL6,0.000311721
HSPA4L,0.230010946
LARP1B,0.080525928
SCLT1,0.353793908
ELF2,0.030457884
NAA15,0.008955157
RAB33B,0.038349666
MGST2,0.109773118
SCOC,0.022206976
SMARCA5,0.022806015
ANAPC10,0.020974094
LRBA,0.063303867
ARFIP1,0.0555015
FBXW7,0.037423614
MND1,0.011609975
GUCY1A1,0.006864649
CPE,0.002545893
KLHL2,0.020243164
NEK1,0.145188179
HPF1,0.087325945
SH3RF1,0.04106588
GALNT7,0.060315081
ACSL1,0.454064968
CFAP97,0.613847526
FAT1,0.016693972
ZNF595,0.081198498
ZNF141,0.026764643
ZNF721,0.04793206
ABCA11P,0.0040965
MYL5,0.032895274
ATP5ME,0.002338058
PCGF3,0.013766534
FGFRL1,0.012939817
DGKQ,0.014739728
CTBP1,0.003082695
TACC3,0.007806537
TMEM129,0.00163778
C4orf48,0.04191706
SCARNA22,0.220896895
NELFA,0.006362836
MXD4,0.003707499
MIR4800,0.009430044
SH3BP2,0.078273071
NOP14,0.014662994
MFSD10,0.006974404
LRPAP1,0.00666347
LYAR,0.014333502
TMEM128,0.080408773
MAN2B2,0.000400273
MRFAP1,0.015766044
S100P,0.032026374
BLOC1S4,0.002463937
MRFAP1L1,0.027182267
GRPEL1,0.016229974
TADA2B,9.57E-05
RAB28,0.02900506
FBXL5,0.302344577
FAM200B,0.144934147
TAPT1,0.021381034
QDPR,0.04174446
LAP3,0.000346082
MED28,0.124665086
DCAF16,0.040611175
DHX15,0.001683004
SEPSECS,0.523784425
PI4K2B,0.047034286
ANAPC4,0.133687417
ZCCHC4,0.26888636
SMIM20,0.177732739
PGM2,0.011915565
LIAS,0.026540292
UGDH,0.009319042
RPL9,0.013726563
GNPDA2,0.024727269
COMMD8,0.053218955
NFXL1,0.075712907
OCIAD1,0.00919862
DCUN1D4,0.648245236
SNORA26,0.175840386
DANCR,0.009100271
MIR4449,0.009962148
TMEM165,0.198144373
PAICS,0.01488992
SRP72,0.047448036
REST,0.047340846
NOA1,0.001399224
POLR2B,0.001586156
UBA6-AS1,0.029879403
UGT2B17,0.11583508
UGT2B15,0.079075107
UTP3,0.003535576
DCK,0.021015351
THAP6,0.162200173
G3BP2,0.005026113
NAAA,0.00083998
SDAD1,0.198884715
NUP54,0.006230131
SCARB2,0.029093869
STBD1,0.003410015
SOWAHB,0.011386691
Sep-11,0.028409784
CCNG2,0.196840701
MRPL1,0.717913286
PAQR3,0.066767817
HNRNPD,0.025531991
HNRNPDL,0.006409714
THAP9-AS1,0.139173818
COPS4,0.276267857
COQ2,0.227300945
MRPS18C,0.27933798
ABRAXAS1,0.026263368
CDS1,0.002056268
KLHL8,0.229414898
NUDT9,0.029602254
PPM1K,0.064012456
PYURF,0.002390958
PIGY,0.002390958
TIGD2,0.009938531
EIF4E,0.193073677
METAP1,0.33986334
TRMT10A,0.030578429
H2AFZ,0.017014672
LAMTOR3,0.020083822
DNAJB14,0.077452377
SLC39A8,0.026277104
NFKB1,0.028879697
UBE2D3,0.092918679
INTS12,0.136232374
AIMP1,0.13806438
PAPSS1,0.721214892
RPL34,0.053318061
CASP6,0.003098703
GAR1,0.060927876
PLA2G12A,0.011703832
FAM241A,0.035626761
AP1AR,0.012237299
TIFA,0.015559334
LARP7,0.134981324
UGT8,0.07654203
TRAM1L1,0.031053045
SNHG8,0.059639044
SNORA24,0.021827245
METTL14,0.109787965
C4orf3,0.026869877
MAD2L1,0.032312249
ANXA5,0.832295661
EXOSC9,0.09221469
CCNA2,0.0071055
BBS7,0.018522755
NUDT6,0.459984727
PLK4,0.144414516
PGRMC2,0.082094397
SLC7A11,0.029002138
NDUFC1,0.035456601
SETD7,0.031022246
CLGN,0.034487669
ELMOD2,0.06805635
ZNF330,0.0295649
USP38,0.049252505
ABCE1,0.060019476
OTUD4,0.411621826
LSM6,0.014734825
TMEM184C,0.09388132
PRMT9,0.062965484
RPS3A,0.001556048
SNORD73A,0.025140794
GATB,0.018010094
PLRG1,0.208456679
MAP9,0.028238177
FAM198B,0.07499112
TMEM144,0.00231413
PPID,0.096877446
ETFDH,0.146170269
C4orf46,0.02943056
TMA16,0.054420017
TMEM192,0.15529957
MSMO1,0.014489379
CBR4,0.0761273
CLCN3,0.001042682
AADAT,0.122332942
HMGB2,0.026201757
SAP30,0.000721567
CEP44,0.051920063
FBXO8,0.077819428
SPCS3,0.1433885
AGA,0.002043728
DCTD,0.01302853
CDKN2AIP,0.064484401
TRAPPC11,0.054123839
RWDD4,0.146185843
CASP3,0.061207167
CENPU,0.424598163
SLC25A4,0.005559387
ANKRD37,0.477922303
UFSP2,0.097007281
CYP4V2,0.018700044
FRG1,0.132881567
TXNDC15,0.010963397
MAN2A1,0.079691549
WWC1,0.003291074
DROSHA,0.076113554
WDR70,0.017874445
IPO11,0.001996642
SSBP2,0.20690616
FAM172A,0.703914735
EFNA5,0.01271302
SRP19,0.191440367
NREP,0.001471741
DMXL1,0.047138887
FNIP1,0.098573899
PRRC1,0.257143945
FAM13B,0.460533116
SIL1,0.00503193
CSNK1A1,0.018287388
LARP1,0.489932201
TBC1D9B,0.030039012
TRIP13,0.09202773
C5orf38,0.927948902
FASTKD3,0.102090182
Mar-06,0.883134077
DAP,0.084007625
TRIO,0.023911898
RETREG1,0.010501021
GUSBP1,0.03058191
ZFR,0.040701588
MTMR12,0.31948549
C1QTNF3-AMACR,0.02829767
RAI14,0.510387936
SKP2,0.0218248
NUP155,0.010366609
NIPBL,0.380041514
PRKAA1,0.146242413
OXCT1,0.001125191
GHR,0.121579281
ZNF131,0.026294314
NDUFS4,0.031122329
PLPP1,0.08432021
MTREX,0.017019303
MIER3,0.877380297
GPBP1,0.024993057
NDUFAF2,0.089816231
DEPDC1B,0.008205052
KIF2A,0.262700238
PPWD1,0.130464119
CWC27,0.204332098
ERBIN,0.565951967
OCLN,0.052793043
RAD17,0.014165068
CDK7,0.1418627
SLC30A5,0.016831802
GTF2H2B,0.06915597
SERF1A,0.289901757
SERF1B,0.177325848
MCCC2,0.036783825
BDP1,0.008486192
MAP1B,0.024081741
MRPS27,0.00190167
UTP15,0.018382144
GFM2,0.192421398
COL4A3BP,0.08221651
POC5,0.016853031
POLK,0.185150069
IQGAP2,0.078826677
AP3B1,0.215571611
TBCA,0.098133601
SCAMP1,0.15318095
SERINC5,0.039246134
HOMER1,0.031556742
MSH3,0.023466101
XRCC4,0.006301389
RASA1,0.093197779
TMEM161B,0.05731651
SLF1,0.015376437
ELL2,0.037217182
LNPEP,0.187204828
CAST,0.030778628
FAM174A,0.130981084
PPIP5K2,0.240627119
NUDT12,0.097345186
FBXL17,0.015462395
YTHDC2,0.134531825
DCP2,0.32474906
KCNN2,0.010028435
TMED7-TICAM2,0.023566379
TMED7,0.123837976
PGGT1B,0.016521478
AP3S1,0.031657538
COMMD10,0.024860431
TNFAIP8,0.001260861
SNX2,0.450405576
CSNK1G3,0.634405611
PHAX,0.022084082
RAPGEF6,0.091476135
CDC42SE2,0.04753625
SLC22A5,0.00565889
AFF4,0.881124661
CAMLG,0.000544538
C5orf15,0.068464894
SAR1B,0.109882304
CDC25C,0.048767142
BRD8,0.371581407
KDM3B,0.090233114
CTNNA1,0.003748811
ANKHD1,0.07299346
CYSTM1,0.017970954
ANKHD1-EIF4EBP3,0.1768216
DIAPH1,0.102160111
PCDHGB4,0.296742633
RBM27,0.083782282
TCERG1,0.1489983
HMGXB3,0.018098548
RBM22,0.398981796
ATOX1,0.18094375
GALNT10,0.001034585
GEMIN5,0.02357813
CYFIP2,0.011455527
RNF145,0.004859961
RANBP17,0.068398416
UBTD2,0.151582341
FBXW11,0.002579406
STC2,0.025307182
ERGIC1,0.013517178
FAF2,0.005102024
UIMC1,0.042452154
NSD1,0.090100674
HNRNPH1,0.027182361
MGAT1,0.069147753
MAPK9,0.068992319
RNF130,0.050851083
SDHA,0.001063969
CCDC127,0.021576949
PDCD6,0.034427256
EXOC3,0.002714381
BRD9,0.342708354
SLC12A7,0.013608336
CLPTM1L,0.005326828
LPCAT1,0.011879295
MRPL36,0.128646335
NDUFS6,0.006796781
IRX4,0.042826361
ICE1,0.14995962
MED10,0.036689428
NSUN2,0.004831368
SRD5A1,0.119280915
MTRR,0.021575172
CMBL,0.979936466
FAM173B,0.063855975
CCT5,0.000148888
ZNF622,0.01874399
LINC00680,0.362040937
C5orf22,0.151176703
GOLPH3,0.019937925
SUB1,0.037540956
TARS,0.129935123
AMACR,0.022866968
RAD1,0.06775687
BRIX1,0.04176374
DNAJC21,0.229311408
LMBRD2,0.074415691
NADK2,0.051520637
RPL37,0.004377673
FBXO4,0.050022119
C5orf51,0.978688133
SELENOP,0.009182902
CCDC152,0.007128019
HMGCS1,0.000430509
TMEM267,0.039752046
PAIP1,0.455289604
MRPS30,0.063486492
EMB,0.940864067
PELO,0.044920091
MOCS2,0.159128772
SNX18,0.052578898
GPX8,0.020309118
DHX29,0.048868379
SLC38A9,0.106753133
IL6ST,0.014595227
PLK2,0.002872012
ELOVL7,0.113874476
ERCC8,0.063209567
SMIM15,0.003725942
DIMT1,0.695774327
CENPK,0.017470084
TRAPPC13,0.051641559
TRIM23,0.628409407
NLN,0.030250042
SREK1,0.201084512
PIK3R1,0.008669581
CCNB1,0.005442891
MRPS36,0.035873626
CENPH,0.200661381
AK6,0.156632899
TAF9,0.033953961
CCDC125,0.189987051
MARVELD2,0.061520399
GTF2H2C,0.19537388
GTF2H2C_2,0.244252808
SMN2,0.770874396
SMN1,0.659625254
NAIP,0.082566572
GTF2H2,0.269433859
PTCD2,0.126936642
TNPO1,0.076544202
ANKRA2,0.038381003
BTF3,0.47785961
HEXB,0.01860578
NSA2,0.10770624
HMGCR,0.003425033
F2RL1,0.001427277
AGGF1,0.001566415
SNORA47,0.002316693
WDR41,0.029465583
PAPD4,0.078156821
MTX3,0.199434504
ZFYVE16,0.488690855
MTRNR2L12,0.705871081
DHFR,0.017599474
ZCCHC9,0.038257848
RPS23,0.029076138
TMEM167A,0.044741003
COX7C,0.003200646
CCNH,0.004034097
MBLAC2,0.02980497
CETN3,0.099521221
LYSMD3,0.135827896
ARRDC3,0.296063642
TTC37,0.101192553
RIOK2,0.073096811
RGMB,0.068210078
CHD1,0.147914481
GIN1,0.024988942
C5orf30,0.005184601
PJA2,0.127911741
SLC25A46,0.097366042
WDR36,0.004927231
STARD4,0.188944274
EPB41L4A-AS1,0.079496691
SNORA13,0.039896482
REEP5,0.679537412
CCDC112,0.461240275
ATG12,0.002674726
HSD17B4,0.003277282
SRFBP1,0.199729685
PPIC,0.004035703
LMNB1,0.01258262
SLC12A2,0.742033703
ISOC1,0.004187471
HINT1,0.245698019
LYRM7,0.187562784
P4HA2,0.000302168
RAD50,0.179628213
Sep-08,0.002959391
KIF3A,0.271424885
UQCRQ,0.026638325
ZCCHC10,0.008834792
HSPA4,0.002699987
VDAC1,0.012996117
SKP1,0.04538479
PPP2CA,0.000940585
MIR3661,0.037411062
UBE2B,0.012000203
CDKN2AIPNL,0.045479172
SEC24A,0.26622057
C5orf24,0.810353015
DDX46,0.020972176
MIR4461,0.411017824
PCBD2,0.006120735
PITX1,0.008811048
H2AFY,0.015378965
SMAD5,0.558507896
HNRNPA0,0.000935902
NME5,0.175910885
KIF20A,0.00604581
CDC23,0.03771909
FAM53C,0.049900514
ETF1,0.009200347
HSPA9,0.003121398
SNHG4,0.000442149
MATR3,0.007886193
SNORA74A,0.001654804
PAIP2,0.014063448
UBE2D2,0.272872351
CXXC5,0.05057622
PURA,0.004049494
PFDN1,0.223203459
SRA1,0.1140633
EIF4EBP3,0.013135076
SLC35A4,0.049510777
VTRNA1-3,0.206806104
HARS,6.61E-05
IK,0.002830327
TMCO6,0.952417066
NDUFA2,0.085601562
WDR55,0.016333052
HARS2,0.004613015
MIR3655,0.020579513
ZMAT2,0.002844689
PCDHB5,0.004706726
TAF7,0.012407493
PCDHGB5,0.295985311
HDAC3,0.019305905
RNF14,0.029092091
KIAA0141,0.08641759
NDFIP1,0.717069576
YIPF5,0.578585486
LARS,0.01297972
FBXO38,0.912230688
GRPEL2,0.035697845
PCYOX1L,0.009854075
ARSI,0.206646881
TCOF1,0.16180641
RPS14,0.005424388
NDST1,0.010995215
DCTN4,0.147441994
ZNF300,0.006340281
TNIP1,0.074469004
ANXA6,0.007798997
GM2A,0.003367357
G3BP1,0.004654703
FAM114A2,0.039545054
MFAP3,0.152808897
CNOT8,0.083021313
MRPL22,0.004687682
PPP1R2B,0.188760214
MED7,0.032739012
CLINT1,0.01311972
THG1L,0.053314064
UBLCP1,0.054460953
TTC1,0.338849651
SLU7,0.071202517
PTTG1,0.00133556
ZBED8,0.005762827
NUDCD2,0.018043677
CCNG1,0.773812181
HMMR,0.043090078
MAT2B,0.00875115
PANK3,0.013352807
RARS,0.001549665
SPDL1,0.070543996
NPM1,0.109758672
DUSP1,0.970456386
RPL26L1,0.009206846
SNORA74B,3.68E-05
ATP6V0E1,0.005083413
BNIP1,0.068335775
BOD1,0.070653335
CPEB4,0.091958535
SFXN1,0.064884784
THOC3,0.002915216
NOP16,0.013817882
HIGD2A,0.04480357
CLTB,0.032749394
KIAA1191,0.035580389
TSPAN17,0.057758525
ZNF346,0.036992766
MXD3,0.042961426
PRELID1,0.036136117
RAB24,0.685381033
LMAN2,0.015467281
F12,0.02895886
PRR7,0.011692694
GRK6,0.003089239
DBN1,0.53600138
DDX41,0.016105108
TMED9,0.012071871
B4GALT7,0.012077509
RMND5B,0.017559832
NHP2,0.073201044
HNRNPAB,0.000398137
CLK4,0.079542589
ZNF354A,0.20533368
RUFY1,0.003983638
CANX,0.9145435
SQSTM1,0.034982952
MGAT4B,0.033083698
MRNIP,0.331772901
ZFP62,0.02831424
LINC00847,0.073014453
HEIH,0.10433035
TRIM52,0.056582356
RACK1,0.001995507
TRIM41,0.050458258
SNORD96A,0.025802265